Seed,Result
0,0.6537181
10,0.65746516
100,0.63821197
1000,0.64569664
99,0.6262631
