seed,score,score_norm
0,113.132,0.61152434
10,119.53963,0.6461601
100,120.33666,0.65046847
1000,116.946655,0.6321441
99,125.33926,0.6775095
